name,email,role,grade
John Doe 1,john.doe1@gmail.com,student,"[""11bffe1f-373d-4979-9b79-20456882cf7c""]"
John Doe 2,john.doe2@gmail.com,student,"[""11bffe1f-373d-4979-9b79-20456882cf7c""]"
John Doe 3,john.doe3@gmail.com,student,"[""11bffe1f-373d-4979-9b79-20456882cf7c""]"
John Doe 4,john.doe4@gmail.com,student,"[""11bffe1f-373d-4979-9b79-20456882cf7c""]"
John Doe 5,john.doe5@gmail.com,student,"[""11bffe1f-373d-4979-9b79-20456882cf7c""]"
John Doe 6,john.doe6@gmail.com,student,"[""11bffe1f-373d-4979-9b79-20456882cf7c""]"
John Doe 7,john.doe7@gmail.com,student,"[""11bffe1f-373d-4979-9b79-20456882cf7c""]"
John Doe 8,john.doe8@gmail.com,student,"[""11bffe1f-373d-4979-9b79-20456882cf7c""]"
John Doe 9,john.doe9@gmail.com,student,"[""11bffe1f-373d-4979-9b79-20456882cf7c""]"
John Doe 10,john.doe10@gmail.com,student,"[""11bffe1f-373d-4979-9b79-20456882cf7c""]"
John Doe 11,john.doe11@gmail.com,student,"[""11bffe1f-373d-4979-9b79-20456882cf7c""]"
John Doe 12,john.doe12@gmail.com,student,"[""11bffe1f-373d-4979-9b79-20456882cf7c""]"
John Doe 13,john.doe13@gmail.com,student,"[""11bffe1f-373d-4979-9b79-20456882cf7c""]"
John Doe 14,john.doe14@gmail.com,student,"[""11bffe1f-373d-4979-9b79-20456882cf7c""]"
John Doe 15,john.doe15@gmail.com,student,"[""11bffe1f-373d-4979-9b79-20456882cf7c""]"
John Doe 16,john.doe16@gmail.com,student,"[""11bffe1f-373d-4979-9b79-20456882cf7c""]"
John Doe 17,john.doe17@gmail.com,student,"[""11bffe1f-373d-4979-9b79-20456882cf7c""]"
John Doe 18,john.doe18@gmail.com,student,"[""11bffe1f-373d-4979-9b79-20456882cf7c""]"
John Doe 19,john.doe19@gmail.com,student,"[""11bffe1f-373d-4979-9b79-20456882cf7c""]"
John Doe 20,john.doe20@gmail.com,student,"[""11bffe1f-373d-4979-9b79-20456882cf7c""]"
John Doe 21,john.doe21@gmail.com,student,"[""11bffe1f-373d-4979-9b79-20456882cf7c""]"
John Doe 22,john.doe22@gmail.com,student,"[""11bffe1f-373d-4979-9b79-20456882cf7c""]"
John Doe 23,john.doe23@gmail.com,student,"[""11bffe1f-373d-4979-9b79-20456882cf7c""]"
John Doe 24,john.doe24@gmail.com,student,"[""11bffe1f-373d-4979-9b79-20456882cf7c""]"
John Doe 25,john.doe25@gmail.com,student,"[""11bffe1f-373d-4979-9b79-20456882cf7c""]"
John Doe 26,john.doe26@gmail.com,student,"[""11bffe1f-373d-4979-9b79-20456882cf7c""]"
John Doe 27,john.doe27@gmail.com,student,"[""11bffe1f-373d-4979-9b79-20456882cf7c""]"
John Doe 28,john.doe28@gmail.com,student,"[""11bffe1f-373d-4979-9b79-20456882cf7c""]"
John Doe 29,john.doe29@gmail.com,student,"[""11bffe1f-373d-4979-9b79-20456882cf7c""]"
John Doe 30,john.doe30@gmail.com,student,"[""11bffe1f-373d-4979-9b79-20456882cf7c""]"
John Doe 31,john.doe31@gmail.com,student,"[""11bffe1f-373d-4979-9b79-20456882cf7c""]"
John Doe 32,john.doe32@gmail.com,student,"[""11bffe1f-373d-4979-9b79-20456882cf7c""]"
John Doe 33,john.doe33@gmail.com,student,"[""11bffe1f-373d-4979-9b79-20456882cf7c""]"
John Doe 34,john.doe34@gmail.com,student,"[""11bffe1f-373d-4979-9b79-20456882cf7c""]"
John Doe 35,john.doe35@gmail.com,student,"[""11bffe1f-373d-4979-9b79-20456882cf7c""]"
John Doe 36,john.doe36@gmail.com,student,"[""11bffe1f-373d-4979-9b79-20456882cf7c""]"
John Doe 37,john.doe37@gmail.com,student,"[""11bffe1f-373d-4979-9b79-20456882cf7c""]"
John Doe 38,john.doe38@gmail.com,student,"[""11bffe1f-373d-4979-9b79-20456882cf7c""]"
John Doe 39,john.doe39@gmail.com,student,"[""11bffe1f-373d-4979-9b79-20456882cf7c""]"
John Doe 40,john.doe40@gmail.com,student,"[""11bffe1f-373d-4979-9b79-20456882cf7c""]"
John Doe 41,john.doe41@gmail.com,student,"[""11bffe1f-373d-4979-9b79-20456882cf7c""]"
John Doe 42,john.doe42@gmail.com,student,"[""11bffe1f-373d-4979-9b79-20456882cf7c""]"
John Doe 43,john.doe43@gmail.com,student,"[""11bffe1f-373d-4979-9b79-20456882cf7c""]"
John Doe 44,john.doe44@gmail.com,student,"[""11bffe1f-373d-4979-9b79-20456882cf7c""]"
John Doe 45,john.doe45@gmail.com,student,"[""11bffe1f-373d-4979-9b79-20456882cf7c""]"
John Doe 46,john.doe46@gmail.com,student,"[""11bffe1f-373d-4979-9b79-20456882cf7c""]"
John Doe 47,john.doe47@gmail.com,student,"[""11bffe1f-373d-4979-9b79-20456882cf7c""]"
John Doe 48,john.doe48@gmail.com,student,"[""11bffe1f-373d-4979-9b79-20456882cf7c""]"
John Doe 49,john.doe49@gmail.com,student,"[""11bffe1f-373d-4979-9b79-20456882cf7c""]"
