name,email,role,grades,subjects
John Doe Test2,johndoe2@example.com,teacher,"[""11bffe1f-373d-4979-9b79-20456882cf7c""]","[""41b8c921-0d26-4d9c-bd28-97a79cb675d3""]"
John Doe Test3,johndoe3@example.com,teacher,"[""11bffe1f-373d-4979-9b79-20456882cf7c""]","[""41b8c921-0d26-4d9c-bd28-97a79cb675d3""]"
John Doe Test4,johndoe4@example.com,teacher,"[""11bffe1f-373d-4979-9b79-20456882cf7c""]","[""41b8c921-0d26-4d9c-bd28-97a79cb675d3""]"
John Doe Test5,johndoe5@example.com,teacher,"[""11bffe1f-373d-4979-9b79-20456882cf7c""]","[""41b8c921-0d26-4d9c-bd28-97a79cb675d3""]"
John Doe Test6,johndoe6@example.com,teacher,"[""11bffe1f-373d-4979-9b79-20456882cf7c""]","[""41b8c921-0d26-4d9c-bd28-97a79cb675d3""]"
John Doe Test7,johndoe7@example.com,teacher,"[""11bffe1f-373d-4979-9b79-20456882cf7c""]","[""41b8c921-0d26-4d9c-bd28-97a79cb675d3""]"
John Doe Test8,johndoe8@example.com,teacher,"[""11bffe1f-373d-4979-9b79-20456882cf7c""]","[""41b8c921-0d26-4d9c-bd28-97a79cb675d3""]"
John Doe Test9,johndoe9@example.com,teacher,"[""11bffe1f-373d-4979-9b79-20456882cf7c""]","[""41b8c921-0d26-4d9c-bd28-97a79cb675d3""]"
John Doe Test10,johndoe10@example.com,teacher,"[""11bffe1f-373d-4979-9b79-20456882cf7c""]","[""41b8c921-0d26-4d9c-bd28-97a79cb675d3""]"
John Doe Test11,johndoe11@example.com,teacher,"[""11bffe1f-373d-4979-9b79-20456882cf7c""]","[""41b8c921-0d26-4d9c-bd28-97a79cb675d3""]"
John Doe Test12,johndoe12@example.com,teacher,"[""11bffe1f-373d-4979-9b79-20456882cf7c""]","[""41b8c921-0d26-4d9c-bd28-97a79cb675d3""]"
John Doe Test13,johndoe13@example.com,teacher,"[""11bffe1f-373d-4979-9b79-20456882cf7c""]","[""41b8c921-0d26-4d9c-bd28-97a79cb675d3""]"
John Doe Test14,johndoe14@example.com,teacher,"[""11bffe1f-373d-4979-9b79-20456882cf7c""]","[""41b8c921-0d26-4d9c-bd28-97a79cb675d3""]"
John Doe Test15,johndoe15@example.com,teacher,"[""11bffe1f-373d-4979-9b79-20456882cf7c""]","[""41b8c921-0d26-4d9c-bd28-97a79cb675d3""]"
John Doe Test16,johndoe16@example.com,teacher,"[""11bffe1f-373d-4979-9b79-20456882cf7c""]","[""41b8c921-0d26-4d9c-bd28-97a79cb675d3""]"
John Doe Test17,johndoe17@example.com,teacher,"[""11bffe1f-373d-4979-9b79-20456882cf7c""]","[""41b8c921-0d26-4d9c-bd28-97a79cb675d3""]"
John Doe Test18,johndoe18@example.com,teacher,"[""11bffe1f-373d-4979-9b79-20456882cf7c""]","[""41b8c921-0d26-4d9c-bd28-97a79cb675d3""]"
John Doe Test19,johndoe19@example.com,teacher,"[""11bffe1f-373d-4979-9b79-20456882cf7c""]","[""41b8c921-0d26-4d9c-bd28-97a79cb675d3""]"
John Doe Test20,johndoe20@example.com,teacher,"[""11bffe1f-373d-4979-9b79-20456882cf7c""]","[""41b8c921-0d26-4d9c-bd28-97a79cb675d3""]"
John Doe Test21,johndoe21@example.com,teacher,"[""11bffe1f-373d-4979-9b79-20456882cf7c""]","[""41b8c921-0d26-4d9c-bd28-97a79cb675d3""]"
John Doe Test22,johndoe22@example.com,teacher,"[""11bffe1f-373d-4979-9b79-20456882cf7c""]","[""41b8c921-0d26-4d9c-bd28-97a79cb675d3""]"
John Doe Test23,johndoe23@example.com,teacher,"[""11bffe1f-373d-4979-9b79-20456882cf7c""]","[""41b8c921-0d26-4d9c-bd28-97a79cb675d3""]"
John Doe Test24,johndoe24@example.com,teacher,"[""11bffe1f-373d-4979-9b79-20456882cf7c""]","[""41b8c921-0d26-4d9c-bd28-97a79cb675d3""]"
John Doe Test25,johndoe25@example.com,teacher,"[""11bffe1f-373d-4979-9b79-20456882cf7c""]","[""41b8c921-0d26-4d9c-bd28-97a79cb675d3""]"
John Doe Test26,johndoe26@example.com,teacher,"[""11bffe1f-373d-4979-9b79-20456882cf7c""]","[""41b8c921-0d26-4d9c-bd28-97a79cb675d3""]"
John Doe Test27,johndoe27@example.com,teacher,"[""11bffe1f-373d-4979-9b79-20456882cf7c""]","[""41b8c921-0d26-4d9c-bd28-97a79cb675d3""]"
John Doe Test28,johndoe28@example.com,teacher,"[""11bffe1f-373d-4979-9b79-20456882cf7c""]","[""41b8c921-0d26-4d9c-bd28-97a79cb675d3""]"
John Doe Test29,johndoe29@example.com,teacher,"[""11bffe1f-373d-4979-9b79-20456882cf7c""]","[""41b8c921-0d26-4d9c-bd28-97a79cb675d3""]"
John Doe Test30,johndoe30@example.com,teacher,"[""11bffe1f-373d-4979-9b79-20456882cf7c""]","[""41b8c921-0d26-4d9c-bd28-97a79cb675d3""]"
John Doe Test31,johndoe31@example.com,teacher,"[""11bffe1f-373d-4979-9b79-20456882cf7c""]","[""41b8c921-0d26-4d9c-bd28-97a79cb675d3""]"
John Doe Test32,johndoe32@example.com,teacher,"[""11bffe1f-373d-4979-9b79-20456882cf7c""]","[""41b8c921-0d26-4d9c-bd28-97a79cb675d3""]"
John Doe Test33,johndoe33@example.com,teacher,"[""11bffe1f-373d-4979-9b79-20456882cf7c""]","[""41b8c921-0d26-4d9c-bd28-97a79cb675d3""]"
John Doe Test34,johndoe34@example.com,teacher,"[""11bffe1f-373d-4979-9b79-20456882cf7c""]","[""41b8c921-0d26-4d9c-bd28-97a79cb675d3""]"
John Doe Test35,johndoe35@example.com,teacher,"[""11bffe1f-373d-4979-9b79-20456882cf7c""]","[""41b8c921-0d26-4d9c-bd28-97a79cb675d3""]"
John Doe Test36,johndoe36@example.com,teacher,"[""11bffe1f-373d-4979-9b79-20456882cf7c""]","[""41b8c921-0d26-4d9c-bd28-97a79cb675d3""]"
John Doe Test37,johndoe37@example.com,teacher,"[""11bffe1f-373d-4979-9b79-20456882cf7c""]","[""41b8c921-0d26-4d9c-bd28-97a79cb675d3""]"
John Doe Test38,johndoe38@example.com,teacher,"[""11bffe1f-373d-4979-9b79-20456882cf7c""]","[""41b8c921-0d26-4d9c-bd28-97a79cb675d3""]"
John Doe Test39,johndoe39@example.com,teacher,"[""11bffe1f-373d-4979-9b79-20456882cf7c""]","[""41b8c921-0d26-4d9c-bd28-97a79cb675d3""]"
John Doe Test40,johndoe40@example.com,teacher,"[""11bffe1f-373d-4979-9b79-20456882cf7c""]","[""41b8c921-0d26-4d9c-bd28-97a79cb675d3""]"
John Doe Test41,johndoe41@example.com,teacher,"[""11bffe1f-373d-4979-9b79-20456882cf7c""]","[""41b8c921-0d26-4d9c-bd28-97a79cb675d3""]"
John Doe Test42,johndoe42@example.com,teacher,"[""11bffe1f-373d-4979-9b79-20456882cf7c""]","[""41b8c921-0d26-4d9c-bd28-97a79cb675d3""]"
John Doe Test43,johndoe43@example.com,teacher,"[""11bffe1f-373d-4979-9b79-20456882cf7c""]","[""41b8c921-0d26-4d9c-bd28-97a79cb675d3""]"
John Doe Test44,johndoe44@example.com,teacher,"[""11bffe1f-373d-4979-9b79-20456882cf7c""]","[""41b8c921-0d26-4d9c-bd28-97a79cb675d3""]"
John Doe Test45,johndoe45@example.com,teacher,"[""11bffe1f-373d-4979-9b79-20456882cf7c""]","[""41b8c921-0d26-4d9c-bd28-97a79cb675d3""]"
John Doe Test46,johndoe46@example.com,teacher,"[""11bffe1f-373d-4979-9b79-20456882cf7c""]","[""41b8c921-0d26-4d9c-bd28-97a79cb675d3""]"
John Doe Test47,johndoe47@example.com,teacher,"[""11bffe1f-373d-4979-9b79-20456882cf7c""]","[""41b8c921-0d26-4d9c-bd28-97a79cb675d3""]"
John Doe Test48,johndoe48@example.com,teacher,"[""11bffe1f-373d-4979-9b79-20456882cf7c""]","[""41b8c921-0d26-4d9c-bd28-97a79cb675d3""]"
John Doe Test49,johndoe49@example.com,teacher,"[""11bffe1f-373d-4979-9b79-20456882cf7c""]","[""41b8c921-0d26-4d9c-bd28-97a79cb675d3""]"
John Doe Test50,johndoe50@example.com,teacher,"[""11bffe1f-373d-4979-9b79-20456882cf7c""]","[""41b8c921-0d26-4d9c-bd28-97a79cb675d3""]"
